<?xml version="1.0" encoding="UTF-8"?>
<!DOCTYPE mapper
    PUBLIC "-//mybatis.org//DTD Mapper 3.0//EN"
    "http://mybatis.org/dtd/mybatis-3-mapper.dtd">
    
<mapper namespace="com.example.demo.BoardMapper">
        
    <select id="getAll" resultType="BoardVO">
        SELECT
			board_idx as boardNo, 
			title, 
			contents, 
			hit_cnt as hitCnt,
			date_format(created_datetime, '%Y-%m-%d %H:%i:%s') as createTime,
			creator_id as creatorId,
			updated_datetime as updateTime,
			updater_id as updaterId,
			deleted_yn as deletedYN
        FROM
        	t_board	
    </select>
    
    <select id="get" parameterType="int" resultType="BoardVO">
        SELECT 			
        	board_idx as boardNo, 
			title, 
			contents, 
			hit_cnt as hitCnt,
			date_format(created_datetime, '%Y-%m-%d %H:%i:%s') as createTime,
			creator_id as creatorId,
			updated_datetime as updateTime,
			updater_id as updaterId,
			deleted_yn as deletedYN
        FROM	t_board	
        WHERE board_idx = #{boardNo}
    </select>
    
    <insert id="write" parameterType="BoardVO">
    	INSERT INTO t_board (title, contents, created_datetime,creator_id)
    	VALUES(#{title},#{contents},now(),#{creatorId})
    	
    	<selectKey keyProperty="boardNo" resultType="int" order="AFTER">
    		SELECT LAST_INSERT_ID()
    	</selectKey>
    </insert>
    
    <update id="update" parameterType="BoardVO">
    	UPDATE t_board 
    		SET	 title		= #{title}
    			,contents	= #{contents}
    			,updated_datetime	=now()
		WHERE board_idx 	= #{boardNo};
    </update>
    
    
    <delete id="delete" parameterType="int">
    	DELETE
    	FROM	t_board
    	WHERE	board_idx = #{boardNo}
    </delete>
    
</mapper>